{
  "map": 0.11971118301153183,
  "map_50": 0.3382449746131897,
  "map_75": 0.04546716436743736,
  "map_small": 0.09793657809495926,
  "map_medium": 0.16804836690425873,
  "map_large": -1.0,
  "mar_1": 0.1584615409374237,
  "mar_10": 0.1884615421295166,
  "mar_100": 0.1884615421295166,
  "mar_small": 0.15853658318519592,
  "mar_medium": 0.2395833283662796,
  "mar_large": -1.0,
  "map_per_class": 0.11971118301153183,
  "mar_100_per_class": 0.1884615421295166,
  "classes": 1,
  "total_images": 602,
  "images_with_gt": 108,
  "images_with_predictions": 100,
  "total_gt_objects": 130,
  "total_predicted_objects": 151,
  "detection_ratio": 1.1615384615384616
}