{
    "mAP50-95": 0.24023963449354913,
    "mAP50": 0.5438363132195605,
    "Precision": 0.6534477694150734,
    "Recall": 0.5461538461538461,
    "F1-Score": 0.5950025540061308
}